Date,Close,High,Low,Open,Volume,Log_Return
2014-12-04,28447.69922,30096.90039,27953,28200.40039,811330,
2014-12-05,26056.5,27540.69922,25974,26551.19922,377529,-0.087800029
2014-12-08,23582.80078,26056.5,23582.80078,25231.90039,367585,-0.0997495913
2014-12-09,21274,23582.80078,21274,23582.80078,570963,-0.103031996
2014-12-10,19295,20202,19212.5,19789.69922,539795,-0.0976396748
2014-12-11,17728.30078,19295,17398.5,18635.30078,1053637,-0.0846837181
2014-12-12,19047.59961,19295,17233.59961,17645.80078,1117064,0.071778812
2014-12-15,19212.5,19872.19922,18800.19922,19377.40039,1274964,0.00862001999
2014-12-16,17480.90039,19047.59961,17316,18552.90039,857050,-0.0944522302
2014-12-17,16409,17728.30078,16079.2002,16573.90039,1354314,-0.0632789139
2014-12-18,17563.40039,17645.80078,16491.40039,16491.40039,662974,0.0679872488
2014-12-19,16738.80078,17563.40039,16161.59961,17316,518451,-0.048087789
2014-12-22,16821.30078,17233.59961,16079.2002,16491.40039,1007310,0.00491656237
2014-12-23,18470.40039,18470.40039,16491.40039,16491.40039,1508297,0.0935234849
2014-12-24,18800.19922,20037.09961,18470.40039,19954.59961,1577424,0.0176979947
2014-12-26,17068.59961,18305.5,16986.19922,17893.19922,700848,-0.0966269712
2014-12-29,15914.2002,17893.19922,15419.5,16491.40039,1454027,-0.0700286906
2014-12-30,16409,17233.59961,14594.90039,15666.90039,1217844,0.0306181601
2014-12-31,16903.69922,17480.90039,15914.2002,15914.2002,796555,0.0297025219
2015-01-02,16903.69922,16903.69922,16903.69922,16903.69922,0,0
2015-01-05,16821.30078,17316,16491.40039,16491.40039,396691,-0.00488649972
2015-01-06,18470.40039,18470.40039,15666.90039,16491.40039,1063824,0.0935234849
2015-01-07,19872.19922,20284.5,18965.19922,20284.5,1314257,0.0731522589
2015-01-08,20119.59961,21521.30078,19377.40039,19377.40039,926165,0.0123727141
2015-01-09,20614.30078,21356.40039,20119.59961,20614.30078,550952,0.0242906027
2015-01-12,18965.19922,21026.59961,18717.80078,21026.59961,634632,-0.083379368
2015-01-13,19707.30078,20037.09961,17728.30078,18140.59961,871992,0.0383834855
2015-01-14,20119.59961,20449.40039,18965.19922,18965.19922,1372020,0.0207052798
2015-01-15,22098.5,22098.5,19624.80078,20119.59961,1815717,0.093815288
2015-01-16,21521.30078,22923.09961,21438.90039,22428.40039,1239428,-0.0264665542
2015-01-20,21109,21521.30078,20944.09961,21109,519663,-0.0193436889
2015-01-21,21109,22181,21026.59961,21109,674289,0
2015-01-22,21026.59961,21438.90039,20614.30078,21191.5,421406,-0.00391120556
2015-01-23,21851.19922,21933.59961,20861.69922,21851.19922,891905,0.0384675199
2015-01-26,22016.09961,22758.19922,21026.59961,22181,654764,0.00751818196
2015-01-27,21438.90039,22181,20944.09961,22016.09961,1206929,-0.026566939
2015-01-28,21438.90039,21851.19922,20944.09961,21026.59961,366614,0
2015-01-29,22758.19922,22758.19922,20614.30078,21026.59961,680280,0.0597184385
2015-01-30,22923.09961,23252.90039,21851.19922,21933.59961,741960,0.00721963303
2015-02-02,22840.69922,24984.5,22263.5,22263.5,506444,-0.00360112061
2015-02-03,22428.40039,24489.80078,22263.5,22263.5,456855,-0.0182159677
2015-02-04,21356.40039,22428.40039,21274,22428.40039,744022,-0.0489765515
2015-02-05,20531.80078,21356.40039,20366.90039,21109,1263200,-0.039376537
2015-02-06,20614.30078,21356.40039,20202,20202,521737,0.00401010581
2015-02-09,19459.90039,21026.59961,19295,20614.30078,815425,-0.0576290896
2015-02-10,18635.30078,20202,18140.59961,20202,1228273,-0.0432982846
2015-02-11,19459.90039,19459.90039,17480.90039,17810.80078,559563,0.0432982846
2015-02-12,19212.5,19872.19922,18965.19922,19130.09961,647497,-0.0127948492
2015-02-13,18717.80078,19212.5,18635.30078,18965.19922,695512,-0.0260861244
2015-02-18,18717.80078,18717.80078,18717.80078,18717.80078,0,0
2015-02-19,18717.80078,18717.80078,18717.80078,18717.80078,0,0
2015-02-20,18717.80078,18717.80078,18717.80078,18717.80078,0,0
2015-02-23,18717.80078,18717.80078,18717.80078,18717.80078,0,0
2015-02-24,18717.80078,18717.80078,18717.80078,18717.80078,0,0
2015-02-25,17233.59961,19212.5,16903.69922,18223,2087919,-0.0826140406
2015-02-26,16491.40039,17563.40039,16161.59961,17068.59961,2290036,-0.0440218874
2015-02-27,16573.90039,17398.5,15419.5,16573.90039,2978108,0.00499013584
2015-03-02,16409,16821.30078,16161.59961,16244.09961,1363737,-0.00999922764
2015-03-03,16244.09961,16738.80078,15419.5,16244.09961,2141619,-0.0101002229
2015-03-04,13440.5,13440.5,13440.5,13440.5,691146,-0.189457205
2015-03-05,13770.40039,14759.7998,13687.90039,14759.7998,2668293,0.0242488526
2015-03-06,13110.7002,13852.7998,12945.7998,13770.40039,2289708,-0.0490926837
2015-03-09,12698.40039,13028.2002,12203.7002,12945.7998,3333850,-0.0319526736
2015-03-10,13028.2002,13275.59961,12368.59961,12451,1262594,0.0256402218
2015-03-11,12698.40039,12945.7998,12698.40039,12863.2998,929136,-0.0256402218
2015-03-12,12945.7998,12945.7998,12368.59961,12533.5,841527,0.0192953641
2015-03-13,12945.7998,13110.7002,12698.40039,12780.90039,801385,0
2015-03-16,12698.40039,12945.7998,12616,12945.7998,897556,-0.0192953641
2015-03-17,13028.2002,13110.7002,12368.59961,12451,1163161,0.0256402218
2015-03-18,12863.2998,13028.2002,12698.40039,12863.2998,916233,-0.0127379735
2015-03-19,12698.40039,13110.7002,12698.40039,12698.40039,1280688,-0.0129022483
2015-03-20,12698.40039,12780.90039,12368.59961,12451,670772,0
2015-03-23,12616,13028.2002,12451,12616,910411,-0.00651018238
2015-03-24,12616,12616,12616,12616,0,0
2015-03-25,12616,12616,12616,12616,0,0
2015-03-26,12616,12616,12616,12616,0,0
2015-03-27,12616,12616,12616,12616,0,0
2015-03-30,12616,12616,12616,12616,0,0
2015-03-31,12616,12616,12616,12616,0,0
2015-04-01,12616,12616,12616,12616,0,0
2015-04-02,12616,12616,12616,12616,0,0
2015-04-06,12616,12616,12616,12616,0,0
2015-04-07,12616,12616,12616,12616,0,0
2015-04-08,12616,12616,12616,12616,0,0
2015-04-09,12616,12616,12616,12616,0,0
2015-04-10,12616,12616,12616,12616,0,0
2015-04-13,12616,12616,12616,12616,0,0
2015-04-14,12616,12616,12616,12616,0,0
2015-04-15,12616,12616,12616,12616,0,0
2015-04-16,12616,12616,12616,12616,0,0
2015-04-17,12616,12616,12616,12616,0,0
2015-04-20,12616,12616,12616,12616,0,0
2015-04-21,12616,12616,12616,12616,0,0
2015-04-22,12616,12616,12616,12616,0,0
2015-04-23,12616,12616,12616,12616,0,0
2015-04-24,12616,12616,12616,12616,0,0
2015-04-27,12616,12616,12616,12616,0,0
2015-04-28,12616,12616,12616,12616,0,0
2015-04-29,12616,12616,12616,12616,0,0
2015-04-30,12616,12616,12616,12616,0,0
2015-05-01,12616,12616,12616,12616,0,0
2015-05-04,12616,12616,12616,12616,0,0
2015-05-05,12616,12616,12616,12616,0,0
2015-05-06,12616,12616,12616,12616,0,0
2015-05-07,12616,12616,12616,12616,0,0
2015-05-08,12616,12616,12616,12616,0,0
2015-05-11,12616,12616,12616,12616,0,0
2015-05-12,12616,12616,12616,12616,0,0
2015-05-13,12616,12616,12616,12616,0,0
2015-05-14,12616,12616,12616,12616,0,0
2015-05-15,12616,12616,12616,12616,0,0
2015-05-18,12616,12616,12616,12616,0,0
2015-05-19,12616,12616,12616,12616,0,0
2015-05-20,12616,12616,12616,12616,0,0
2015-05-21,7998.350098,7998.350098,7503.609863,7668.52002,2720077,-0.455730567
2015-05-22,8740.469727,8740.469727,7998.350098,8245.719727,2801489,0.0887286501
2015-05-26,8987.839844,10389.59961,8987.839844,10389.59961,2989429,0.0279086026
2015-05-27,9647.5,9812.410156,8740.469727,9070.290039,2622948,0.0708262792
2015-05-28,10059.7998,10472.09961,9647.5,9894.870117,1846933,0.0418484499
2015-05-29,9482.580078,10142.2002,9317.669922,10142.2002,1543831,-0.059090825
2015-06-01,9565.040039,10142.2002,9400.120117,9482.580078,1508261,0.0086583495
2015-06-02,9647.5,9977.320313,9565.040039,9565.040039,1448803,0.00858402555
2015-06-03,9894.870117,9977.320313,9647.5,9729.950195,955404,0.0253176384
2015-06-04,10884.40039,10884.40039,9894.870117,9894.870117,2533265,0.0953141545
2015-06-05,11544,11791.40039,11131.7002,11379.09961,3075595,0.0588352141
2015-06-08,11379.09961,12038.7998,11379.09961,11791.40039,2134998,-0.0143875163
2015-06-09,10801.90039,11461.59961,10307.2002,11379.09961,3379207,-0.0520562244
2015-06-10,10637,10884.40039,10307.2002,10389.59961,1222488,-0.0153835915
2015-06-11,10472.09961,11049.2998,10389.59961,10637,1218911,-0.0156239487
2015-06-12,10801.90039,10966.7998,10389.59961,10719.40039,2393504,0.0310075402
2015-06-15,10637,11049.2998,10389.59961,10801.90039,1065025,-0.0153835915
2015-06-16,9812.410156,10719.40039,9812.410156,10637,1482866,-0.0806905623
2015-06-17,9317.669922,9977.320313,9317.669922,9812.410156,1804390,-0.051735338
2015-06-18,9647.5,9729.950195,8493.089844,8658.009766,1109788,0.0347862254
2015-06-19,9317.669922,9729.950195,9235.209961,9565.040039,1223556,-0.0347862254
2015-06-22,9482.580078,9647.5,8905.379883,9317.669922,734611,0.0175438503
2015-06-23,9400.120117,9565.040039,9317.669922,9317.669922,518230,-0.00873397176
2015-06-24,9070.290039,9482.580078,9070.290039,9152.75,3478191,-0.0357182262
2015-06-25,8658.009766,9152.75,8658.009766,9070.290039,2349036,-0.0465193645
2015-06-26,9482.580078,9482.580078,8493.089844,8987.839844,3658745,0.0909715624
2015-06-29,9894.870117,10307.2002,9647.5,10059.7998,3638177,0.0425600135
2015-06-30,9235.209961,9894.870117,9235.209961,9812.410156,2204072,-0.0689931041
2015-07-01,9317.669922,9894.870117,8493.089844,9070.290039,2637974,0.00888924032
2015-07-02,9647.5,9729.950195,8987.839844,9482.580078,2225651,0.0347862254
2015-07-06,9812.410156,9894.870117,9400.120117,9400.120117,3223744,0.0169491126
2015-07-07,9565.040039,9812.410156,9482.580078,9647.5,2374261,-0.0255331381
2015-07-08,9235.209961,9729.950195,9070.290039,9400.120117,2974524,-0.0350914401
2015-07-09,9235.209961,9317.669922,8905.379883,9070.290039,2095765,0
2015-07-10,8987.839844,9482.580078,8987.839844,9235.209961,2187461,-0.0271508135
2015-07-13,8575.549805,9070.290039,8575.549805,8740.469727,2364317,-0.0469574271
2015-07-14,8822.919922,8987.839844,8163.27002,8163.27002,2493657,0.028437764
2015-07-15,8410.639648,8822.919922,7998.350098,7998.350098,1315373,-0.047855343
2015-07-16,8163.27002,8410.639648,7586.060059,7586.060059,1307830,-0.0298527028
2015-07-17,8163.27002,8493.089844,7421.149902,7421.149902,1006728,0
2015-07-20,7998.350098,8163.27002,7833.439941,8080.810059,1222573,-0.0204095438
2015-07-21,7668.52002,7998.350098,7586.060059,7750.97998,1179593,-0.0421116429
2015-07-22,7915.890137,8163.27002,7503.609863,7586.060059,1773780,0.0317485093
2015-07-23,7750.97998,7998.350098,7750.97998,7998.350098,1066768,-0.0210528645
2015-07-24,7915.890137,8080.810059,7421.149902,7421.149902,1207123,0.0210528645
2015-07-27,7668.52002,7998.350098,7173.779785,7173.779785,1013495,-0.0317485093
2015-07-28,7750.97998,8163.27002,7338.689941,7338.689941,1989165,0.0106956447
2015-07-29,7915.890137,7915.890137,7421.149902,7421.149902,614537,0.0210528645
2015-07-30,8575.549805,8658.009766,7833.439941,7915.890137,2359260,0.0800429592
2015-07-31,8163.27002,8740.469727,8163.27002,8575.549805,1711194,-0.0492702818
2015-08-03,7750.97998,8163.27002,7421.149902,7421.149902,1252528,-0.0518255419
2015-08-04,7833.439941,7998.350098,7008.859863,7008.859863,956253,0.0105824575
2015-08-05,8080.810059,8163.27002,7091.319824,7091.319824,925692,0.0310903804
2015-08-06,7915.890137,8163.27002,7915.890137,8080.810059,1185221,-0.0206199733
2015-08-07,7915.890137,7998.350098,7503.609863,7503.609863,880869,0
2015-08-10,7833.439941,8080.810059,7503.609863,7503.609863,1088322,-0.0104704071
2015-08-11,7998.350098,8245.719727,7915.890137,7915.890137,1888797,0.0208335407
2015-08-12,7833.439941,8080.810059,7256.240234,7256.240234,987821,-0.0208335407
2015-08-13,7668.52002,8575.549805,7503.609863,8575.549805,1314864,-0.0212781022
2015-08-14,7668.52002,7750.97998,7503.609863,7668.52002,1217492,0
2015-08-17,7503.609863,7833.439941,7338.689941,7668.52002,1268306,-0.0217394199
2015-08-18,7668.52002,8245.719727,7421.149902,8245.719727,690940,0.0217394199
2015-08-19,7586.060059,8080.810059,7338.689941,8080.810059,1926817,-0.0108112795
2015-08-20,7256.240234,7833.439941,7256.240234,7833.439941,1094507,-0.0444505396
2015-08-21,6843.950195,7915.890137,6596.580078,7915.890137,2505869,-0.0584967418
2015-08-24,6184.290039,6761.490234,6184.290039,6761.490234,2097087,-0.101352867
2015-08-25,5772.009766,6266.75,5607.089844,5607.089844,2736570,-0.0689918789
2015-08-26,6349.209961,6349.209961,5194.810059,5194.810059,2568459,0.0953100568
2015-08-27,6926.410156,6926.410156,6679.040039,6926.410156,3820405,0.0870112745
2015-08-28,6926.410156,7586.060059,6679.040039,7586.060059,2085445,0
2015-08-31,6679.040039,7421.149902,6596.580078,7421.149902,1625224,-0.0363673935
2015-09-01,6596.580078,7338.689941,6514.120117,7338.689941,1237490,-0.0124229257
2015-09-02,6596.580078,6596.580078,6596.580078,6596.580078,0,0
2015-09-03,6679.040039,7173.779785,6596.580078,7173.779785,2444110,0.0124229257
2015-09-04,6596.580078,7256.240234,6596.580078,7256.240234,756999,-0.0124229257
2015-09-08,6761.490234,6761.490234,6431.660156,6431.660156,1346516,0.0246919699
2015-09-09,6679.040039,7338.689941,6679.040039,7338.689941,1562022,-0.0122690441
2015-09-10,6926.410156,7256.240234,6596.580078,7256.240234,2472070,0.0363673935
2015-09-11,7091.319824,7503.609863,6843.950195,7008.859863,3337646,0.0235298121
2015-09-14,6761.490234,7750.97998,6761.490234,7750.97998,1044905,-0.0476281615
2015-09-15,6926.410156,7008.859863,6761.490234,6761.490234,1917855,0.0240983494
2015-09-16,6926.410156,7421.149902,6761.490234,7421.149902,1178308,0
2015-09-17,6843.950195,7338.689941,6843.950195,7338.689941,1135073,-0.0119765851
2015-09-18,6926.410156,7256.240234,6926.410156,7173.779785,1413242,0.0119765851
2015-09-21,7091.319824,7586.060059,6843.950195,7586.060059,2265784,0.0235298121
2015-09-22,7437.640137,7709.75,7437.640137,7709.75,3494561,0.0476821365
2015-09-23,7619.049805,8072.560059,7346.939941,8072.560059,923785,0.0240980518
2015-09-24,7800.450195,8072.560059,6893.419922,6893.419922,2846732,0.023529785
2015-09-25,7619.049805,7800.450195,7619.049805,7709.75,1004609,-0.023529785
2015-09-28,7256.240234,7619.049805,7256.240234,7619.049805,1214624,-0.0487898437
2015-09-29,7437.640137,7437.640137,7165.529785,7256.240234,1674698,0.024691792
2015-09-30,7346.939941,7528.339844,7346.939941,7528.339844,1103184,-0.0122697206
2015-10-01,7437.640137,7528.339844,7346.939941,7437.640137,763592,0.0122697206
2015-10-02,7346.939941,7437.640137,7256.240234,7437.640137,756756,-0.0122697206
2015-10-05,7346.939941,7437.640137,7256.240234,7346.939941,790823,0
2015-10-06,7709.75,7709.75,7437.640137,7437.640137,1998943,0.0482018696
2015-10-07,7437.640137,7800.450195,7437.640137,7709.75,875936,-0.035932149
2015-10-08,7619.049805,7800.450195,7437.640137,7528.339844,2227656,0.0240980518
2015-10-09,7528.339844,7709.75,7437.640137,7619.049805,881559,-0.0119771191
2015-10-12,7528.339844,7709.75,7437.640137,7528.339844,1252330,0
2015-10-13,7437.640137,7528.339844,7437.640137,7528.339844,992140,-0.0121209326
2015-10-14,7346.939941,7528.339844,7256.240234,7528.339844,822575,-0.0122697206
2015-10-15,7346.939941,7437.640137,7256.240234,7346.939941,577710,0
2015-10-16,7346.939941,7528.339844,7346.939941,7437.640137,1016505,0
2015-10-19,7346.939941,7437.640137,7256.240234,7346.939941,595240,0
2015-10-20,7256.240234,7346.939941,7165.529785,7346.939941,738012,-0.0124220714
2015-10-21,6984.129883,7256.240234,6984.129883,7256.240234,993154,-0.0382214051
2015-10-22,7165.529785,7165.529785,6893.419922,6893.419922,781893,0.0256415837
2015-10-23,7165.529785,7256.240234,7074.830078,7256.240234,989064,0
2015-10-26,6893.419922,7165.529785,6893.419922,7165.529785,803722,-0.0387146772
2015-10-27,6893.419922,6984.129883,6893.419922,6893.419922,865352,0
2015-10-28,6712.02002,6984.129883,6712.02002,6893.419922,1281921,-0.0266673703
2015-10-29,6984.129883,6984.129883,6712.02002,6802.720215,2316341,0.0397404638
2015-10-30,6802.720215,7074.830078,6802.720215,7074.830078,695016,-0.0263178518
2015-11-02,6802.720215,7437.640137,6712.02002,7437.640137,1135354,0
2015-11-03,6802.720215,6802.720215,6712.02002,6802.720215,1003275,0
2015-11-04,6802.720215,7165.529785,6712.02002,7165.529785,1066228,0
2015-11-05,6893.419922,6893.419922,6712.02002,6712.02002,484218,0.0132447583
2015-11-06,6621.319824,6893.419922,6621.319824,6893.419922,738344,-0.0402726028
2015-11-09,6621.319824,6802.720215,6621.319824,6621.319824,621590,0
2015-11-10,6530.609863,6621.319824,6439.910156,6621.319824,817394,-0.0137943863
2015-11-11,6349.209961,6621.319824,6349.209961,6530.609863,785564,-0.0281699434
2015-11-12,6349.209961,6439.910156,6167.799805,6349.209961,547060,0
2015-11-13,6258.5,6349.209961,6258.5,6258.5,520600,-0.0143898498
2015-11-16,6802.720215,6802.720215,6349.209961,6349.209961,2716939,0.083382024
2015-11-17,6712.02002,7165.529785,6712.02002,6893.419922,1779137,-0.013422612
2015-11-18,6712.02002,6802.720215,6712.02002,6712.02002,687740,0
2015-11-19,6893.419922,6893.419922,6621.319824,6712.02002,1444275,0.0266673703
2015-11-20,6893.419922,6984.129883,6712.02002,6893.419922,991148,0
2015-11-23,7165.529785,7346.939941,6984.129883,6984.129883,2890608,0.0387146772
2015-11-24,7074.830078,7256.240234,6984.129883,7256.240234,974830,-0.0127385732
2015-11-25,7437.640137,7709.75,6621.319824,6984.129883,3418193,0.0500101866
2015-11-27,7074.830078,7528.339844,7074.830078,7437.640137,2090526,-0.0500101866
2015-11-30,6802.720215,7074.830078,6802.720215,6984.129883,1839157,-0.0392208622
2015-12-01,6712.02002,6893.419922,6621.319824,6712.02002,1232738,-0.013422612
2015-12-02,6802.720215,6893.419922,6712.02002,6802.720215,1218020,0.013422612
2015-12-03,6893.419922,7074.830078,6712.02002,6802.720215,1540800,0.0132447583
2015-12-04,6802.720215,6893.419922,6712.02002,6893.419922,630117,-0.0132447583
2015-12-07,6802.720215,6802.720215,6621.319824,6802.720215,679079,0
2015-12-08,6802.720215,6802.720215,6621.319824,6712.02002,692916,0
2015-12-09,6712.02002,6984.129883,6712.02002,6802.720215,1586707,-0.013422612
2015-12-10,6439.910156,6712.02002,6439.910156,6712.02002,1046173,-0.0413853627
2015-12-11,6530.609863,6712.02002,6439.910156,6530.609863,1623156,0.0139857439
2015-12-14,6439.910156,6621.319824,6439.910156,6621.319824,786038,-0.0139857439
2015-12-15,6712.02002,6712.02002,6439.910156,6621.319824,487944,0.0413853627
2015-12-16,6621.319824,6893.419922,6621.319824,6712.02002,1148310,-0.0136052325
2015-12-17,6621.319824,6802.720215,6530.609863,6712.02002,935251,0
2015-12-18,6530.609863,6712.02002,6530.609863,6530.609863,854449,-0.0137943863
2015-12-21,6439.910156,6530.609863,6349.209961,6530.609863,738488,-0.0139857439
2015-12-22,6439.910156,6621.319824,6349.209961,6439.910156,647278,0
2015-12-23,6349.209961,7074.830078,6258.5,7074.830078,457449,-0.0141841996
2015-12-24,6349.209961,6530.609863,6349.209961,6439.910156,453513,0
2015-12-28,6077.100098,6349.209961,6077.100098,6258.5,1065103,-0.043802765
2015-12-29,6167.799805,6258.5,5895.689941,6077.100098,1206510,0.0148145541
2015-12-30,6258.5,6621.319824,6167.799805,6621.319824,637565,0.0145983611
2015-12-31,6167.799805,6802.720215,6167.799805,6802.720215,389282,-0.0145983611
2016-01-04,6077.100098,6258.5,6077.100098,6258.5,725136,-0.0148145541
2016-01-05,5895.689941,6077.100098,5895.689941,6077.100098,1114639,-0.030306059
2016-01-06,5986.390137,6077.100098,5895.689941,6077.100098,499168,0.0152670166
2016-01-07,5623.580078,6530.609863,5623.580078,6530.609863,1312736,-0.0625200965
2016-01-08,5351.470215,6167.799805,5260.77002,6167.799805,1425985,-0.049597156
2016-01-11,5351.470215,5442.180176,5260.77002,5351.470215,565042,0
2016-01-12,5804.990234,5804.990234,5260.77002,5351.470215,1205110,0.0813466032
2016-01-13,5804.990234,6077.100098,5714.290039,5714.290039,1593565,0
2016-01-14,5532.879883,5714.290039,5442.180176,5714.290039,1117266,-0.0480094784
2016-01-15,5351.470215,5623.580078,5351.470215,5442.180176,847315,-0.0333371248
2016-01-19,5170.069824,5170.069824,4988.660156,4988.660156,971137,-0.0344851356
2016-01-20,5260.77002,5532.879883,4988.660156,5170.069824,1407121,0.0173912135
2016-01-21,5260.77002,5442.180176,5170.069824,5170.069824,1217193,0
2016-01-22,5442.180176,5532.879883,5170.069824,5351.470215,1461309,0.0339023406
2016-01-25,5895.689941,5986.390137,5532.879883,5532.879883,1449170,0.0800418174
2016-01-26,5532.879883,5804.990234,5532.879883,5804.990234,1402623,-0.0635131111
2016-01-27,5804.990234,5895.689941,5623.580078,5623.580078,989913,0.0480094784
2016-01-28,5714.290039,5804.990234,5623.580078,5804.990234,729723,-0.015747871
2016-01-29,5714.290039,5804.990234,5623.580078,5714.290039,837216,0
2016-02-01,5623.580078,5714.290039,5532.879883,5714.290039,648303,-0.0160015762
2016-02-02,5532.879883,5623.580078,5442.180176,5623.580078,602406,-0.0162600312
2016-02-03,5532.879883,5623.580078,5442.180176,5442.180176,570764,0
2016-02-04,5532.879883,5623.580078,5532.879883,5532.879883,350915,0
2016-02-05,5714.290039,5714.290039,5532.879883,5532.879883,768608,0.0322616074
2016-02-08,5714.290039,5714.290039,5714.290039,5714.290039,0,0
2016-02-09,5714.290039,5714.290039,5714.290039,5714.290039,0,0
2016-02-10,5714.290039,5714.290039,5714.290039,5714.290039,0,0
2016-02-11,5714.290039,5714.290039,5714.290039,5714.290039,0,0
2016-02-12,5714.290039,5714.290039,5714.290039,5714.290039,0,0
2016-02-16,5714.290039,5714.290039,5623.580078,5623.580078,432081,0
2016-02-17,5714.290039,5895.689941,5623.580078,5714.290039,1156908,0
2016-02-18,5804.990234,5895.689941,5714.290039,5714.290039,878847,0.015747871
2016-02-19,5804.990234,5804.990234,5804.990234,5804.990234,0,0
2016-02-22,5804.990234,5804.990234,5804.990234,5804.990234,0,0
2016-02-23,5804.990234,5804.990234,5804.990234,5804.990234,0,0
2016-02-24,6167.799805,6258.5,5986.390137,5986.390137,1121672,0.0606242458
2016-02-25,5895.689941,6167.799805,5895.689941,6167.799805,1067303,-0.0451206131
2016-02-26,6077.100098,6077.100098,5895.689941,5895.689941,1079579,0.030306059
2016-02-29,5986.390137,6167.799805,5986.390137,5986.390137,1190965,-0.0150390424
2016-03-01,6077.100098,6077.100098,5986.390137,5986.390137,493060,0.0150390424
2016-03-02,6258.5,6258.5,6077.100098,6077.100098,1234381,0.0294129152
2016-03-03,6077.100098,6258.5,6077.100098,6258.5,670740,-0.0294129152
2016-03-04,6077.100098,6167.799805,5986.390137,6077.100098,858517,0
2016-03-07,6077.100098,6167.799805,5986.390137,6077.100098,818298,0
2016-03-08,6258.5,6258.5,6077.100098,6077.100098,1570070,0.0294129152
2016-03-09,6167.799805,6349.209961,6077.100098,6258.5,503237,-0.0145983611
2016-03-10,6258.5,6349.209961,6077.100098,6167.799805,1345138,0.0145983611
2016-03-11,6439.910156,6621.319824,6258.5,6258.5,3003810,0.0285740493
2016-03-14,6530.609863,6621.319824,6439.910156,6439.910156,983287,0.0139857439
2016-03-15,6349.209961,6621.319824,6349.209961,6621.319824,1327070,-0.0281699434
2016-03-16,6439.910156,6439.910156,6258.5,6258.5,1199101,0.0141841996
2016-03-17,6349.209961,6621.319824,6349.209961,6439.910156,961236,-0.0141841996
2016-03-18,6530.609863,6712.02002,6349.209961,6349.209961,3162709,0.0281699434
2016-03-21,6893.419922,7074.830078,6530.609863,6530.609863,4583569,0.0540669891
2016-03-22,7256.240234,7256.240234,6802.720215,6893.419922,3441432,0.0512944985
2016-03-23,7346.939941,7437.640137,7256.240234,7256.240234,2246267,0.0124220714
2016-03-24,7256.240234,7528.339844,7256.240234,7346.939941,3061290,-0.0124220714
2016-03-28,6984.129883,6984.129883,6893.419922,6984.129883,1438134,-0.0382214051
2016-03-29,6712.02002,6984.129883,6621.319824,6984.129883,908372,-0.0397404638
2016-03-30,7074.830078,7074.830078,6621.319824,6621.319824,1729943,0.0526434742
2016-03-31,6802.720215,7074.830078,6712.02002,6984.129883,1055842,-0.0392208622
2016-04-01,7165.529785,7165.529785,6621.319824,6712.02002,2780207,0.0519594355
2016-04-04,6984.129883,7256.240234,6984.129883,7165.529785,939341,-0.0256415837
2016-04-05,7074.830078,7165.529785,6893.419922,6984.129883,1327344,0.0129030105
2016-04-06,7074.830078,7165.529785,6984.129883,7074.830078,614754,0
2016-04-07,6984.129883,7165.529785,6984.129883,7074.830078,893361,-0.0129030105
2016-04-08,7619.049805,7619.049805,6893.419922,6984.129883,3309261,0.0870112488
2016-04-11,7981.859863,8344.669922,7709.75,7709.75,4356706,0.0465197855
2016-04-12,8163.27002,8344.669922,7891.160156,7981.859863,2388292,0.0224733765
2016-04-13,8072.560059,8163.27002,7891.160156,8163.27002,1821573,-0.0111741629
2016-04-14,8253.969727,8526.080078,7981.859863,8072.560059,2116363,0.0222236001
2016-04-15,8253.969727,8253.969727,8253.969727,8253.969727,0,0
2016-04-18,8253.969727,8253.969727,8253.969727,8253.969727,0,0
2016-04-19,8253.969727,8253.969727,8253.969727,8253.969727,0,0
2016-04-20,7709.75,7800.450195,7437.640137,7619.049805,1518154,-0.068208502
2016-04-21,7709.75,7891.160156,7619.049805,7800.450195,555594,0
2016-04-22,7981.859863,8072.560059,7709.75,7709.75,1114881,0.0346856883
2016-04-26,7981.859863,8072.560059,7800.450195,8072.560059,965549,0
2016-04-27,7981.859863,7981.859863,7981.859863,7981.859863,0,0
2016-04-28,7981.859863,7981.859863,7981.859863,7981.859863,0,0
2016-04-29,7981.859863,7981.859863,7981.859863,7981.859863,0,0
2016-05-02,7981.859863,7981.859863,7981.859863,7981.859863,0,0
2016-05-03,7981.859863,7981.859863,7981.859863,7981.859863,0,0
2016-05-04,7981.859863,7981.859863,7981.859863,7981.859863,0,0
2016-05-05,7074.830078,7165.529785,6984.129883,6984.129883,614655,-0.120628024
2016-05-06,7074.830078,7256.240234,6984.129883,7074.830078,646175,0
2016-05-09,6712.02002,7165.529785,6712.02002,7074.830078,1348544,-0.0526434742
2016-05-10,6712.02002,6712.02002,6712.02002,6712.02002,0,0
2016-05-11,6712.02002,6712.02002,6712.02002,6712.02002,0,0
2016-05-12,6893.419922,7074.830078,6802.720215,6984.129883,501212,0.0266673703
2016-05-13,6802.720215,6984.129883,6712.02002,6893.419922,456656,-0.0132447583
2016-05-16,6802.720215,6802.720215,6802.720215,6802.720215,0,0
2016-05-17,6802.720215,6802.720215,6802.720215,6802.720215,0,0
2016-05-18,6802.720215,6802.720215,6802.720215,6802.720215,0,0
2016-05-19,6802.720215,6893.419922,6712.02002,6893.419922,209883,0
2016-05-20,6802.720215,6802.720215,6802.720215,6802.720215,0,0
2016-05-23,6712.02002,6893.419922,6621.319824,6802.720215,551652,-0.013422612
2016-05-24,6802.720215,6802.720215,6621.319824,6712.02002,288745,0.013422612
2016-05-25,6802.720215,7074.830078,6712.02002,6802.720215,2157835,0
2016-05-26,6802.720215,6893.419922,6621.319824,6802.720215,557424,0
2016-05-27,6984.129883,7074.830078,6802.720215,6984.129883,3320950,0.0263178518
2016-05-31,6984.129883,7346.939941,6984.129883,7346.939941,1366009,0
2016-06-01,7074.830078,7256.240234,6984.129883,6984.129883,2505887,0.0129030105
2016-06-02,7074.830078,7165.529785,6984.129883,7074.830078,803342,0
2016-06-03,6984.129883,7074.830078,6984.129883,7074.830078,1642901,-0.0129030105
2016-06-06,6984.129883,7074.830078,6893.419922,6984.129883,704012,0
2016-06-07,6893.419922,6984.129883,6893.419922,6984.129883,724166,-0.0130730935
2016-06-08,6984.129883,7074.830078,6893.419922,6984.129883,1312493,0.0130730935
2016-06-09,6761.899902,7142.859863,6666.669922,6952.379883,1704896,-0.0323365143
2016-06-10,6761.899902,6857.140137,6761.899902,6761.899902,791847,0
2016-06-13,6952.379883,7142.859863,6666.669922,6666.669922,2289850,0.0277801289
2016-06-14,7238.100098,7333.330078,6857.140137,6952.379883,2200128,0.0402747244
2016-06-15,7047.620117,7238.100098,6952.379883,7238.100098,955678,-0.0266687667
2016-06-16,7142.859863,7238.100098,6952.379883,7047.620117,2484531,0.0134232494
2016-06-17,7047.620117,7238.100098,7047.620117,7142.859863,1479046,-0.0134232494
2016-06-20,6857.140137,7142.859863,6857.140137,7047.620117,874136,-0.0273995227
2016-06-21,6857.140137,7047.620117,6761.899902,6857.140137,2023329,0
2016-06-22,6666.669922,6952.379883,6666.669922,6952.379883,822800,-0.028169992
2016-06-23,6666.669922,6761.899902,6666.669922,6666.669922,689022,0
2016-06-24,6190.47998,6666.669922,6000,6666.669922,4332174,-0.0741078482
2016-06-27,6380.950195,6380.950195,6000,6190.47998,1450144,0.0303043947
2016-06-28,6380.950195,6476.189941,6285.709961,6285.709961,540835,0
2016-06-29,6666.669922,6761.899902,6380.950195,6380.950195,1707678,0.0438034535
2016-06-30,6571.430176,6857.140137,6571.430176,6666.669922,1216679,-0.0143889816
2016-07-01,6476.189941,6666.669922,6476.189941,6571.430176,952466,-0.0145991261
2016-07-05,7238.100098,7619.049805,7142.859863,7142.859863,4471359,0.111226389
2016-07-06,7428.569824,7523.810059,7142.859863,7238.100098,1963041,0.025974599
2016-07-07,7428.569824,7619.049805,7333.330078,7428.569824,1187256,0
2016-07-08,7333.330078,7523.810059,7047.620117,7428.569824,2137244,-0.0129036328
2016-07-11,6952.379883,7523.810059,6952.379883,7428.569824,2223639,-0.0533456907
2016-07-12,7142.859863,7238.100098,6952.379883,7047.620117,1085900,0.0270292071
2016-07-13,7238.100098,7333.330078,7238.100098,7238.100098,1073320,0.0132455173
2016-07-14,6952.379883,7333.330078,6952.379883,7333.330078,1543955,-0.0402747244
2016-07-15,7047.620117,7142.859863,6952.379883,6952.379883,1081048,0.0136059577
2016-07-18,7142.859863,7238.100098,7047.620117,7142.859863,580057,0.0134232494
2016-07-19,7238.100098,7428.569824,7047.620117,7142.859863,1975473,0.0132455173
2016-07-20,7142.859863,7333.330078,7047.620117,7333.330078,818075,-0.0132455173
2016-07-21,6952.379883,7142.859863,6952.379883,7142.859863,737436,-0.0270292071
2016-07-22,7142.859863,7142.859863,6857.140137,6952.379883,1570163,0.0270292071
2016-07-25,7238.100098,7238.100098,7142.859863,7142.859863,744230,0.0132455173
2016-07-26,7142.859863,7238.100098,7047.620117,7142.859863,351278,-0.0132455173
2016-07-27,6952.379883,7238.100098,6952.379883,7142.859863,718778,-0.0270292071
2016-07-28,6952.379883,7142.859863,6857.140137,7047.620117,1150961,0
2016-07-29,6952.379883,7047.620117,6857.140137,6952.379883,528987,0
2016-08-01,6666.669922,6857.140137,6666.669922,6857.140137,921346,-0.041963557
2016-08-02,6380.950195,6571.430176,6285.709961,6571.430176,1651225,-0.0438034535
2016-08-03,6571.430176,6571.430176,6380.950195,6380.950195,983769,0.0294144719
2016-08-04,6476.189941,6571.430176,6476.189941,6571.430176,1068689,-0.0145991261
2016-08-05,6285.709961,6380.950195,6095.240234,6380.950195,615111,-0.0298535686
2016-08-08,6190.47998,6285.709961,6190.47998,6285.709961,241904,-0.0152661719
2016-08-09,6380.950195,6380.950195,6190.47998,6190.47998,189593,0.0303043947
2016-08-10,6380.950195,6380.950195,6190.47998,6380.950195,312868,0
2016-08-11,6476.189941,6571.430176,6285.709961,6380.950195,575182,0.0148153457
2016-08-12,6285.709961,6476.189941,6190.47998,6476.189941,501640,-0.0298535686
2016-08-15,6285.709961,6380.950195,6190.47998,6190.47998,267634,0
2016-08-16,6380.950195,6571.430176,6285.709961,6380.950195,663769,0.0150382229
2016-08-17,6285.709961,6380.950195,6285.709961,6380.950195,251659,-0.0150382229
2016-08-18,6285.709961,6285.709961,6190.47998,6285.709961,349090,0
2016-08-19,6095.240234,6285.709961,6095.240234,6285.709961,489241,-0.0307706197
2016-08-22,5809.52002,6095.240234,5809.52002,6095.240234,783438,-0.0480102225
2016-08-23,5809.52002,5904.759766,5809.52002,5809.52002,419550,0
2016-08-24,5809.52002,6000,5809.52002,5809.52002,371564,0
2016-08-25,5809.52002,5904.759766,5714.290039,5809.52002,279626,0
2016-08-26,6095.240234,6190.47998,5809.52002,5809.52002,819444,0.0480102225
2016-08-29,5809.52002,6190.47998,5809.52002,6190.47998,318787,-0.0480102225
2016-08-30,5904.759766,5904.759766,5809.52002,5904.759766,275691,0.016260811
2016-08-31,5809.52002,6000,5809.52002,5904.759766,218510,-0.016260811
2016-09-01,5904.759766,6000,5809.52002,5904.759766,520182,0.016260811
2016-09-02,5904.759766,5904.759766,5904.759766,5904.759766,0,0
2016-09-06,5428.569824,5619.049805,5428.569824,5619.049805,546435,-0.0840830505
2016-09-07,5333.330078,5428.569824,5333.330078,5428.569824,577222,-0.0176998919
2016-09-08,5428.569824,5619.049805,5333.330078,5333.330078,645734,0.0176998919
2016-09-09,5714.290039,5714.290039,5428.569824,5523.810059,914293,0.0512943468
2016-09-12,5619.049805,5714.290039,5428.569824,5714.290039,377372,-0.0168074862
2016-09-13,5428.569824,5523.810059,5428.569824,5523.810059,434705,-0.0344868606
2016-09-14,5142.859863,5333.330078,4952.379883,4952.379883,799507,-0.0540663968
2016-09-15,5333.330078,5333.330078,5142.859863,5142.859863,561755,0.0363665048
2016-09-16,5238.100098,5428.569824,4857.140137,4857.140137,726552,-0.0180169674
2016-09-19,5238.100098,5428.569824,5238.100098,5238.100098,219208,0
2016-09-20,5238.100098,5333.330078,5238.100098,5333.330078,242927,0
2016-09-21,5333.330078,5333.330078,5238.100098,5333.330078,180075,0.0180169674
2016-09-22,5333.330078,5428.569824,5238.100098,5238.100098,319200,0
2016-09-23,5428.569824,5619.049805,5333.330078,5333.330078,438629,0.0176998919
2016-09-26,5238.100098,5523.810059,5238.100098,5428.569824,581338,-0.0357168593
2016-09-27,5238.100098,5333.330078,5238.100098,5238.100098,237272,0
2016-09-28,5428.569824,5619.049805,5238.100098,5238.100098,433632,0.0357168593
2016-09-29,5428.569824,5523.810059,5333.330078,5333.330078,684946,0
2016-09-30,5428.569824,5428.569824,5238.100098,5428.569824,655515,0
2016-10-03,5238.100098,5428.569824,5238.100098,5428.569824,419007,-0.0357168593
2016-10-04,5523.810059,5714.290039,5333.330078,5333.330078,1542535,0.0531089944
2016-10-05,5714.290039,5809.52002,5523.810059,5523.810059,852518,0.0339022117
2016-10-06,5714.290039,5809.52002,5523.810059,5714.290039,665287,0
2016-10-07,5619.049805,5809.52002,5619.049805,5714.290039,631850,-0.0168074862
2016-10-10,5619.049805,5714.290039,5523.810059,5619.049805,390887,0
2016-10-11,5619.049805,5619.049805,5523.810059,5619.049805,491190,0
2016-10-12,5619.049805,5809.52002,5619.049805,5619.049805,696184,0
2016-10-13,5904.759766,6000,5714.290039,5809.52002,333466,0.0495961899
2016-10-14,5809.52002,6095.240234,5809.52002,5904.759766,274186,-0.016260811
2016-10-17,5904.759766,6000,5714.290039,5809.52002,348606,0.016260811
2016-10-18,5904.759766,5904.759766,5809.52002,5904.759766,395378,0
2016-10-19,6000,6000,5809.52002,5809.52002,543793,0.0160007036
2016-10-20,6000,6000,5904.759766,5904.759766,549045,0
2016-10-21,5904.759766,6000,5904.759766,5904.759766,477248,-0.0160007036
2016-10-24,5904.759766,6000,5904.759766,5904.759766,805037,0
2016-10-25,5904.759766,6000,5809.52002,5809.52002,479312,0
2016-10-26,5809.52002,5904.759766,5809.52002,5809.52002,513403,-0.016260811
2016-10-27,5619.049805,5809.52002,5619.049805,5809.52002,313724,-0.0333353789
2016-10-28,5714.290039,5809.52002,5619.049805,5619.049805,358822,0.0168074862
2016-10-31,5619.049805,5714.290039,5619.049805,5714.290039,212051,-0.0168074862
2016-11-01,5809.52002,5809.52002,5714.290039,5714.290039,154004,0.0333353789
2016-11-02,5714.290039,5714.290039,5619.049805,5714.290039,137650,-0.0165278927
2016-11-03,5714.290039,5809.52002,5619.049805,5619.049805,351207,0
2016-11-04,5714.290039,5714.290039,5619.049805,5714.290039,254866,0
2016-11-07,5809.52002,5809.52002,5619.049805,5714.290039,181256,0.0165278927
2016-11-08,5809.52002,5809.52002,5619.049805,5809.52002,318286,0
2016-11-09,5619.049805,5714.290039,5428.569824,5714.290039,219261,-0.0333353789
2016-11-10,5714.290039,5714.290039,5619.049805,5619.049805,358575,0.0168074862
2016-11-11,5809.52002,5809.52002,5619.049805,5714.290039,142583,0.0165278927
2016-11-14,5714.290039,5714.290039,5523.810059,5714.290039,123764,-0.0165278927
2016-11-15,5714.290039,5714.290039,5714.290039,5714.290039,96508,0
2016-11-16,5714.290039,5809.52002,5714.290039,5714.290039,105840,0
2016-11-17,5714.290039,5714.290039,5714.290039,5714.290039,92645,0
2016-11-18,5714.290039,5714.290039,5619.049805,5714.290039,247267,0
2016-11-21,5809.52002,5809.52002,5714.290039,5714.290039,97766,0.0165278927
2016-11-22,5619.049805,5714.290039,5619.049805,5714.290039,234423,-0.0333353789
2016-11-23,5714.290039,5714.290039,5619.049805,5619.049805,46381,0.0168074862
2016-11-25,5523.810059,5619.049805,5523.810059,5619.049805,70098,-0.0339022117
2016-11-28,5333.330078,5523.810059,5238.100098,5523.810059,170550,-0.035092027
2016-11-29,5428.569824,5428.569824,5333.330078,5333.330078,35667,0.0176998919
2016-11-30,5238.100098,5428.569824,5238.100098,5428.569824,79372,-0.0357168593
2016-12-01,5238.100098,5333.330078,5238.100098,5238.100098,149415,0
2016-12-02,5238.100098,5238.100098,5142.859863,5238.100098,183822,0
2016-12-05,5428.569824,5428.569824,5047.620117,5428.569824,81021,0.0357168593
2016-12-06,5333.330078,5428.569824,5142.859863,5238.100098,127522,-0.0176998919
2016-12-07,5142.859863,5142.859863,5047.620117,5142.859863,319568,-0.0363665048
2016-12-08,5142.859863,5238.100098,5047.620117,5142.859863,265795,0
2016-12-09,5047.620117,5142.859863,4952.379883,5142.859863,139544,-0.0186924501
2016-12-12,4952.379883,5047.620117,4952.379883,4952.379883,59746,-0.0190486228
2016-12-13,5047.620117,5047.620117,4571.430176,4857.140137,565362,0.0190486228
2016-12-14,5142.859863,5142.859863,4666.669922,5047.620117,371096,0.0186924501
2016-12-15,5333.330078,5333.330078,4952.379883,5047.620117,364054,0.0363665048
2016-12-16,5238.100098,5333.330078,5238.100098,5238.100098,296100,-0.0180169674
2016-12-19,5523.810059,5523.810059,4952.379883,5238.100098,389582,0.0531089944
2016-12-20,5333.330078,5619.049805,5333.330078,5619.049805,88450,-0.035092027
2016-12-21,5428.569824,5428.569824,5238.100098,5428.569824,63052,0.0176998919
2016-12-22,5238.100098,5428.569824,5238.100098,5333.330078,28953,-0.0357168593
2016-12-23,5238.100098,5238.100098,5238.100098,5238.100098,7030,0
2016-12-27,5142.859863,5238.100098,5047.620117,5142.859863,77242,-0.0183495374
2016-12-28,5142.859863,5238.100098,5047.620117,5047.620117,34762,0
2016-12-29,5238.100098,5428.569824,5047.620117,5238.100098,59378,0.0183495374
2016-12-30,5238.100098,5238.100098,5047.620117,5047.620117,58306,0
2017-01-03,5238.100098,5238.100098,4761.899902,4952.379883,217416,0
2017-01-04,5238.100098,5333.330078,5142.859863,5142.859863,54528,0
2017-01-05,5238.100098,5238.100098,5047.620117,5142.859863,38974,0
2017-01-06,5047.620117,5238.100098,5047.620117,5142.859863,102008,-0.0370419875
2017-01-09,5047.620117,5142.859863,4952.379883,4952.379883,129879,0
2017-01-10,4952.379883,5142.859863,4952.379883,5047.620117,41354,-0.0190486228
2017-01-11,5333.330078,5428.569824,5047.620117,5047.620117,163764,0.0741075778
2017-01-12,5238.100098,5238.100098,5142.859863,5238.100098,86625,-0.0180169674
2017-01-13,5047.620117,5333.330078,5047.620117,5238.100098,58165,-0.0370419875
2017-01-17,5142.859863,5142.859863,5047.620117,5047.620117,183776,0.0186924501
2017-01-18,5619.049805,5619.049805,5142.859863,5142.859863,1325070,0.0885532573
2017-01-19,5523.810059,5809.52002,5428.569824,5619.049805,338152,-0.0170947255
2017-01-20,5523.810059,5523.810059,5428.569824,5523.810059,163275,0
2017-01-23,5523.810059,5619.049805,5238.100098,5428.569824,186290,0
2017-01-24,5714.290039,5714.290039,5523.810059,5523.810059,160440,0.0339022117
2017-01-25,6095.240234,6095.240234,5714.290039,5714.290039,645625,0.0645381153
2017-01-26,6095.240234,6095.240234,6095.240234,6095.240234,0,0
2017-01-27,6095.240234,6095.240234,6095.240234,6095.240234,0,0
2017-01-30,6095.240234,6095.240234,6095.240234,6095.240234,0,0
2017-01-31,6095.240234,6095.240234,6095.240234,6095.240234,0,0
2017-02-01,6095.240234,6095.240234,6095.240234,6095.240234,0,0
2017-02-02,6095.240234,6095.240234,6095.240234,6095.240234,0,0
2017-02-03,5714.290039,6000,5714.290039,5904.759766,240398,-0.0645381153
2017-02-06,6000,6000,5523.810059,5619.049805,378240,0.0487894073
2017-02-07,5809.52002,5904.759766,5714.290039,5904.759766,310828,-0.0322615146
2017-02-08,5619.049805,5809.52002,5619.049805,5714.290039,421583,-0.0333353789
2017-02-09,5714.290039,5714.290039,5619.049805,5619.049805,48111,0.0168074862
2017-02-10,5619.049805,5714.290039,5523.810059,5619.049805,156450,-0.0168074862
2017-02-13,5809.52002,5809.52002,5619.049805,5619.049805,178710,0.0333353789
2017-02-14,5523.810059,5809.52002,5523.810059,5809.52002,204041,-0.0504301044
2017-02-16,5523.810059,5714.290039,5523.810059,5619.049805,67359,0
2017-02-17,5714.290039,5714.290039,5428.569824,5523.810059,75154,0.0339022117
2017-02-21,5904.759766,5904.759766,5714.290039,5809.52002,158979,0.0327887037
2017-02-22,6000,6095.240234,5714.290039,5809.52002,770419,0.0160007036
2017-02-23,6000,6095.240234,5904.759766,6000,266280,0
2017-02-24,5714.290039,6095.240234,5714.290039,5904.759766,349766,-0.0487894073
2017-02-27,5904.759766,5904.759766,5714.290039,5714.290039,328788,0.0327887037
2017-02-28,5809.52002,6000,5714.290039,5904.759766,457288,-0.016260811
2017-03-01,5714.290039,5809.52002,5619.049805,5714.290039,320376,-0.0165278927
2017-03-02,5714.290039,5809.52002,5619.049805,5714.290039,175844,0
2017-03-03,5714.290039,5714.290039,5619.049805,5619.049805,53248,0
2017-03-06,5619.049805,5714.290039,5619.049805,5619.049805,99910,-0.0168074862
2017-03-07,5619.049805,5714.290039,5619.049805,5619.049805,57297,0
2017-03-08,5619.049805,5714.290039,5619.049805,5619.049805,71653,0
2017-03-09,5619.049805,5714.290039,5619.049805,5619.049805,134684,0
2017-03-10,5619.049805,5619.049805,5619.049805,5619.049805,65110,0
2017-03-13,5714.290039,5714.290039,5523.810059,5619.049805,151736,0.0168074862
2017-03-14,5619.049805,5714.290039,5523.810059,5714.290039,147353,-0.0168074862
2017-03-15,5619.049805,5809.52002,5619.049805,5714.290039,51566,0
2017-03-16,5809.52002,5904.759766,5619.049805,5619.049805,290411,0.0333353789
2017-03-17,5904.759766,6095.240234,5904.759766,5904.759766,905276,0.016260811
2017-03-20,6380.950195,6380.950195,6000,6000,1664848,0.0775582541
2017-03-21,6285.709961,6380.950195,6190.47998,6380.950195,608811,-0.0150382229
2017-03-22,6190.47998,6285.709961,6095.240234,6190.47998,565467,-0.0152661719
2017-03-23,6095.240234,6190.47998,6000,6190.47998,496251,-0.0155044478
2017-03-24,6190.47998,6285.709961,6095.240234,6095.240234,345555,0.0155044478
2017-03-27,6190.47998,6380.950195,6095.240234,6190.47998,669128,0
2017-03-28,6285.709961,6380.950195,6095.240234,6190.47998,626258,0.0152661719
2017-03-29,6285.709961,6380.950195,6190.47998,6285.709961,386680,0
2017-03-30,6285.709961,6380.950195,6095.240234,6285.709961,267100,0
2017-03-31,6000,6190.47998,6000,6190.47998,248471,-0.0465193276
2017-04-03,5904.759766,6000,5809.52002,6000,251259,-0.0160007036
2017-04-04,5714.290039,5904.759766,5714.290039,5809.52002,367695,-0.0327887037
2017-04-05,5809.52002,5904.759766,5809.52002,5809.52002,260401,0.0165278927
2017-04-06,5809.52002,5809.52002,5809.52002,5809.52002,0,0
2017-04-07,5714.290039,5809.52002,5714.290039,5809.52002,281820,-0.0165278927
2017-04-10,5904.759766,5904.759766,5714.290039,5714.290039,443246,0.0327887037
2017-04-11,5714.290039,5904.759766,5714.290039,5904.759766,320278,-0.0327887037
2017-04-12,5714.290039,5809.52002,5714.290039,5714.290039,322560,0
2017-04-13,5523.810059,5714.290039,5523.810059,5619.049805,548530,-0.0339022117
2017-04-17,5333.330078,5523.810059,5333.330078,5428.569824,551669,-0.035092027
2017-04-18,5619.049805,5619.049805,5333.330078,5428.569824,593553,0.0521867525
2017-04-19,5428.569824,5619.049805,5428.569824,5619.049805,299250,-0.0344868606
2017-04-20,5428.569824,5523.810059,5428.569824,5523.810059,669107,0
2017-04-21,5714.290039,5809.52002,5523.810059,5523.810059,1170014,0.0512943468
2017-04-24,5904.759766,6095.240234,5619.049805,5714.290039,1272714,0.0327887037
2017-04-25,5904.759766,6095.240234,5809.52002,5904.759766,788467,0
2017-04-26,6000,6095.240234,5809.52002,5904.759766,1659467,0.0160007036
2017-04-27,6095.240234,6095.240234,5904.759766,5904.759766,777600,0.0157487079
2017-04-28,6000,6000,5904.759766,6000,410173,-0.0157487079
2017-05-01,6000,6000,6000,6000,0,0
2017-05-02,6000,6000,6000,6000,0,0
2017-05-03,6476.189941,6476.189941,5714.290039,5904.759766,1851693,0.0763728962
2017-05-04,6476.189941,6761.899902,6285.709961,6571.430176,1776339,0
2017-05-05,6476.189941,6666.669922,6380.950195,6476.189941,974256,0
2017-05-08,6476.189941,6666.669922,6285.709961,6476.189941,1034466,0
2017-05-09,6761.899902,6761.899902,6285.709961,6476.189941,2695891,0.0431715358
2017-05-10,6571.430176,6857.140137,6476.189941,6857.140137,867114,-0.0285724096
2017-05-11,6666.669922,6857.140137,6476.189941,6476.189941,2107258,0.0143889816
2017-05-12,6666.669922,6761.899902,6476.189941,6761.899902,528654,0
2017-05-15,6761.899902,6761.899902,6000,6000,943810,0.014183428
2017-05-16,6857.140137,7142.859863,6761.899902,6761.899902,2872122,0.0139865639
2017-05-17,6952.379883,7047.620117,6666.669922,6857.140137,1492168,0.013793565
2017-05-18,6761.899902,7047.620117,6761.899902,6952.379883,835536,-0.0277801289
2017-05-19,6666.669922,7047.620117,6571.430176,6666.669922,2022536,-0.014183428
2017-05-22,6476.189941,6857.140137,6476.189941,6857.140137,975146,-0.0289881077
2017-05-23,6190.47998,6666.669922,6190.47998,6476.189941,649875,-0.0451197405
2017-05-24,6285.709961,6476.189941,6095.240234,6190.47998,605220,0.0152661719
2017-05-25,6571.430176,6666.669922,6285.709961,6285.709961,673179,0.0444526947
2017-05-26,6380.950195,6666.669922,6380.950195,6571.430176,442449,-0.0294144719
2017-05-30,6000,6380.950195,6000,6190.47998,633276,-0.0615575505
2017-05-31,6000,6190.47998,6000,6095.240234,646224,0
2017-06-01,6095.240234,6190.47998,6095.240234,6095.240234,347560,0.0157487079
2017-06-02,6476.189941,6571.430176,6000,6095.240234,1205737,0.0606241883
2017-06-05,6380.950195,6666.669922,6380.950195,6476.189941,428190,-0.0148153457
2017-06-06,6666.669922,6761.899902,6380.950195,6380.950195,1173487,0.0438034535
2017-06-07,6571.430176,6857.140137,6571.430176,6666.669922,1784641,-0.0143889816
2017-06-08,6800,6900,6600,6700,329504,0.0341911206
2017-06-09,6800,6900,6700,6800,529610,0
2017-06-12,6800,6900,6600,6800,324943,0
2017-06-13,7200,7200,6600,6700,635950,0.0571584138
2017-06-14,7100,7300,7000,7100,944705,-0.013986242
2017-06-15,7000,7100,6800,7000,239720,-0.014184635
2017-06-16,7000,7000,6800,6800,227900,0
2017-06-19,6800,6900,6800,6800,205220,-0.0289875369
2017-06-20,7100,7300,6900,6900,1489922,0.0431721719
2017-06-21,7200,7400,7000,7400,380089,0.013986242
2017-06-22,7000,7100,6900,7100,527120,-0.028170877
2017-06-26,7000,7100,6900,7100,129248,0
2017-06-27,6900,7000,6800,7000,248955,-0.0143887375
2017-06-28,6900,7000,6800,6900,391715,0
2017-06-29,7200,7200,6800,6900,1288685,0.0425596144
2017-06-30,7100,7400,7100,7200,1006527,-0.013986242
2017-07-03,7500,7500,7000,7100,2346530,0.0548082365
2017-07-05,8000,8000,7600,7600,3107890,0.0645385211
2017-07-06,8000,8100,7900,8000,1016004,0
2017-07-07,7600,8200,7600,8100,2255670,-0.0512932944
2017-07-10,7300,7700,7300,7700,1290235,-0.0402738991
2017-07-11,7300,7400,7100,7200,383134,0
2017-07-12,7000,7500,7000,7300,740081,-0.0419641991
2017-07-13,7100,7200,7000,7200,241414,0.014184635
2017-07-14,7100,7200,7000,7200,255279,0
2017-07-17,6800,7100,6800,7000,617068,-0.0431721719
2017-07-18,6900,6900,6700,6800,386900,0.0145987994
2017-07-19,6800,7100,6800,7000,132200,-0.0145987994
2017-07-20,6800,6900,6700,6800,226600,0
2017-07-21,6800,7000,6800,6900,2117357,0
2017-07-24,6700,6800,6600,6700,140262,-0.0148150858
2017-07-25,6900,6900,6700,6900,138900,0.0294138852
2017-07-26,7000,7200,6700,6900,803900,0.0143887375
2017-07-27,7000,7100,7000,7000,300976,0
2017-07-28,7100,7200,7000,7000,195063,0.014184635
2017-07-31,7100,7200,7000,7200,740660,0
2017-08-01,7100,7300,7000,7000,947270,0
2017-08-02,7200,7300,7000,7100,357961,0.013986242
2017-08-03,7800,7800,7100,7200,1866200,0.0800427077
2017-08-04,7800,7800,7800,7800,0,0
2017-08-07,8000,8400,7800,8100,1882049,0.025317808
2017-08-08,7800,8300,7800,8000,1854859,-0.025317808
2017-08-09,7600,7800,7300,7800,522810,-0.0259754864
2017-08-10,7800,8100,7400,7500,1250267,0.0259754864
2017-08-11,7900,7900,7600,7800,806378,0.0127390258
2017-08-14,7900,8000,7700,7800,658289,0
2017-08-15,7600,7900,7600,7900,131505,-0.0387145122
2017-08-16,7800,7800,7400,7600,204035,0.0259754864
2017-08-17,7500,7800,7500,7800,170831,-0.0392207132
2017-08-18,7700,7700,7400,7500,453833,0.0263173083
2017-08-21,7800,7800,7400,7500,623660,0.0129034048
2017-08-22,7600,7800,7400,7700,691385,-0.0259754864
2017-08-23,7100,7500,7100,7500,579387,-0.0680534632
2017-08-24,7100,7300,7100,7300,256555,0
2017-08-25,7700,7700,7100,7300,1106719,0.0811255448
2017-08-28,7800,7900,7500,7500,828200,0.0129034048
2017-08-29,7500,7800,7500,7600,1016235,-0.0392207132
2017-08-30,7400,7600,7400,7500,431247,-0.0134230203
2017-08-31,7800,7800,7300,7500,479465,0.0526437335
2017-09-01,7700,7700,7500,7700,210188,-0.0129034048
2017-09-05,7500,7600,7400,7600,133130,-0.0263173083
2017-09-06,7400,7500,7400,7400,291377,-0.0134230203
2017-09-07,7600,7700,7400,7400,563382,0.0266682471
2017-09-08,7600,7700,7500,7600,131504,0
2017-09-11,7300,7500,7300,7500,457203,-0.0402738991
2017-09-12,7300,7400,7300,7300,43688,0
2017-09-13,7600,7600,7300,7300,184713,0.0402738991
2017-09-14,7300,7500,7300,7500,712162,-0.0402738991
2017-09-15,7300,7400,7300,7300,124000,0
2017-09-18,7300,7500,7300,7400,89975,0
2017-09-19,7300,7400,7300,7300,1006047,0
2017-09-20,7300,7300,7300,7300,854100,0
2017-09-21,7300,7500,7300,7300,105277,0
2017-09-22,7400,7400,7300,7400,227574,0.0136056521
2017-09-25,7400,7400,7400,7400,0,0
2017-09-26,7300,7400,7300,7400,86761,-0.0136056521
2017-09-27,7300,7300,7200,7300,175518,0
2017-09-28,7300,7400,7200,7300,65976,0
2017-09-29,7200,7300,7200,7300,1098658,-0.0137933221
2017-10-02,7000,7200,7000,7200,83900,-0.028170877
2017-10-03,6800,7100,6800,7100,174780,-0.0289875369
2017-10-04,7000,7000,6800,6900,133000,0.0289875369
2017-10-05,7000,7000,7000,7000,123301,0
2017-10-06,7000,7100,7000,7000,72130,0
2017-10-09,7200,7200,7100,7100,169210,0.028170877
2017-10-10,7100,7200,7100,7100,182854,-0.013986242
2017-10-11,7000,7200,7000,7100,225720,-0.014184635
2017-10-12,7000,7000,7000,7000,64595,0
2017-10-13,7200,7200,7000,7100,126207,0.028170877
2017-10-16,7100,7300,7100,7100,170929,-0.013986242
2017-10-17,7300,7300,7000,7100,316879,0.0277795641
2017-10-18,7200,7400,7200,7300,360507,-0.0137933221
2017-10-19,7200,7300,7200,7200,295420,0
2017-10-20,7200,7400,7200,7300,267807,0
2017-10-23,7300,7300,7200,7200,851152,0.0137933221
2017-10-24,7500,7600,7200,7300,672777,0.0270286724
2017-10-25,7600,7700,7400,7500,707998,0.0132452268
2017-10-26,7300,7700,7300,7500,320125,-0.0402738991
2017-10-27,7400,7500,7200,7400,265200,0.0136056521
2017-10-30,7200,7500,7200,7300,777200,-0.0273989742
2017-10-31,7300,7400,7100,7300,576957,0.0137933221
2017-11-01,7100,7400,7100,7200,276011,-0.0277795641
2017-11-02,7200,7400,7100,7200,175842,0.013986242
2017-11-03,7200,7200,7000,7100,269000,0
2017-11-06,7300,7300,7000,7100,124800,0.0137933221
2017-11-07,7300,7300,7100,7100,73500,0
2017-11-08,7200,7400,7200,7300,258000,-0.0137933221
2017-11-09,7300,7300,7200,7200,216600,0.0137933221
2017-11-10,7300,7300,7200,7300,589610,0
2017-11-13,7400,7500,7200,7200,836442,0.0136056521
2017-11-14,7600,7700,7400,7400,909880,0.0266682471
2017-11-15,7600,7700,7500,7600,337045,0
2017-11-16,7700,7800,7500,7600,605052,0.0130720816
2017-11-17,7700,7900,7600,7700,560206,0
2017-11-20,7600,7800,7500,7700,532595,-0.0130720816
2017-11-21,8000,8000,7700,7700,1774015,0.0512932944
2017-11-22,8400,8400,7900,8000,1732005,0.0487901642
2017-11-24,9800,9800,9000,9200,1552117,0.15415068
2017-11-27,10300,10300,9500,9600,1739322,0.0497615096
2017-11-28,10500,10500,10000,10400,1170385,0.0192313619
2017-11-29,11100,11200,9700,10500,2388533,0.0555698512
2017-11-30,11800,11800,10800,11000,2497745,0.0611544232
2017-12-01,12500,12600,11700,12000,1990285,0.0576291128
2017-12-04,11300,12800,11300,12500,1746192,-0.100925919
2017-12-05,10600,11900,10300,10500,2701021,-0.0639487246
2017-12-06,11000,11200,9900,10000,397309,0.0370412717
2017-12-07,11700,11700,10800,11400,882705,0.061693569
2017-12-08,12600,12800,11500,11700,3143645,0.0741079722
2017-12-11,12800,12900,11600,12300,1418748,0.015748357
2017-12-12,12800,13000,11600,12900,1499700,0
2017-12-13,11600,12700,11600,12700,734253,-0.0984400728
2017-12-14,11200,11600,10500,10600,1517360,-0.0350913198
2017-12-15,11300,11500,10500,11100,1160557,0.00888894742
2017-12-18,10600,11300,10500,11000,1191180,-0.0639487246
2017-12-19,10000,10600,10000,10500,593042,-0.0582689081
2017-12-20,10400,10900,10000,10000,1495266,0.0392207132
2017-12-21,10500,10800,10100,10400,568177,0.00956945102
2017-12-22,10400,10600,10100,10500,453837,-0.00956945102
2017-12-26,10300,10300,9900,10100,518173,-0.00966191091
2017-12-27,10100,10500,10000,10300,418200,-0.0196084714
2017-12-28,10700,10700,9900,9900,351830,0.0577083176
2017-12-29,10600,10800,10500,10700,417451,-0.00938974035
2018-01-02,11000,11000,10400,10500,521304,0.0370412717
2018-01-03,10600,11200,10600,11000,179046,-0.0370412717
2018-01-04,10500,10800,10500,10800,136389,-0.00947874395
2018-01-05,10500,11200,10300,10600,719293,0
2018-01-08,10600,10700,10500,10700,151000,0.00947874395
2018-01-10,10400,10600,10100,10400,3103874,-0.019048195
2018-01-11,10000,10300,10000,10200,2892810,-0.0392207132
2018-01-12,9900,10300,9900,10000,253147,-0.0100503359
2018-01-16,10000,10000,9600,9900,298650,0.0100503359
2018-01-17,9700,10000,9700,9900,176887,-0.0304592075
2018-01-18,9700,9800,9400,9600,325768,0
2018-01-19,9900,10000,9500,9700,256223,0.0204088716
2018-01-22,9800,10000,9600,9900,257523,-0.0101523715
2018-01-23,9900,9900,9700,9900,184915,0.0101523715
2018-01-26,9300,9500,8400,9300,277990,-0.062520357
2018-01-30,9300,9700,9300,9700,311049,0
2018-01-31,9300,9400,9100,9400,82483,0
